Riya Dubey,9876543221,riya.dubey@gmail.com
Aryan Joshi,8765432119,aryan.joshi@gmail.com
Ishita Sharma,7654321089,ishita.sharma@gmail.com
Yuvan Kapoor,6543210978,yuvan.kapoor@gmail.com
Aanya Singh,5432109867,aanya.singh@gmail.com
Arjun Mehta,9876543232,arjun.mehta@gmail.com
Kavya Reddy,8765432123,kavya.reddy@gmail.com
Aarush Bhatia,7654321076,aarush.bhatia@gmail.com
Saanvi Khanna,6543210965,saanvi.khanna@gmail.com
Reyansh Verma,5432109854,reyansh.verma@gmail.com
Kiara Patel,9876543243,kiara.patel@gmail.com
Vihaan Gupta,8765432134,vihaan.gupta@gmail.com
Zara Singh,7654321065,zara.singh@gmail.com
Rudra Tiwari,6543210956,rudra.tiwari@gmail.com
Aadhya Reddy,5432109843,aadhya.reddy@gmail.com
Kabir Sharma,9876543254,kabir.sharma@gmail.com
Aanya Kapoor,8765432145,aanya.kapoor@gmail.com
Advait Mehta,7654321054,advait.mehta@gmail.com
Anvi Joshi,6543210945,anvi.joshi@gmail.com
Vihaan Verma,5432109832,vihaan.verma@gmail.com
Aradhya Singh,9876543265,aradhya.singh@gmail.com
Aarav Reddy,8765432156,aarav.reddy@gmail.com
Aisha Bhatia,7654321043,aisha.bhatia@gmail.com
Ishan Khanna,6543210934,ishan.khanna@gmail.com
Anvi Kapoor,5432109821,anvi.kapoor@gmail.com
Arnav Mehta,9876543276,arnav.mehta@gmail.com
Avani Tiwari,8765432167,avani.tiwari@gmail.com
Zayan Sharma,7654321032,zayan.sharma@gmail.com
Aarohi Joshi,6543210923,aarohi.joshi@gmail.com
Vihaan Kapoor,5432109810,vihaan.kapoor@gmail.com
Ritisha Verma,9876543287,ritisha.verma@gmail.com
Aaryan Patel,8765432178,aaryan.patel@gmail.com
Sia Gupta,7654321021,sia.gupta@gmail.com
Arjun Reddy,6543210912,arjun.reddy@gmail.com
Anika Bhatia,5432109809,anika.bhatia@gmail.com
Aarush Khanna,9876543298,aarush.khanna@gmail.com
Aarya Singh,8765432189,aarya.singh@gmail.com
Avisha Mehta,7654321010,avisha.mehta@gmail.com
Aarav Tiwari,6543210901,aarav.tiwari@gmail.com